ID,Category,Product Name,Price (IDR),Model Battery,Voltage,Capacity Label,Merk,Limited Charge Voltage,Compatible For,Image,Shopee URL
3.0,Infinix,Sumopower Battery Infinix Hot 30i / Hot 40 Pro / Note 10 Pro NFC X695 / Note 11 Pro / Note 11S / Zero 5G 2023 - BL-49LX,126000,BL-49LX,3.87 VOLT,4900 mAh,Sumopower,4.5 V,Infinix Hot 12i X665 / Hot 20s X6827,/assets/images/infinix/BL-49LX.png,https://shopee.co.id/Baterai-Sumopower-Infinix-Hot-12-X6817-Hot-12i-X665-Hot-20s-X6827-BL-49LX-Double-Power-Original-100--i.1433685724.43352419947
4.0,Infinix,Sumopower Battery Infinix Hot 30i / Hot 40i / Smart 7 / Smart 8 / Smart 8 Pro / Smart 5 / Smart 9 - BL-49NX,127000,BL-49NX,3.87 VOLT,4900 mAh,Sumopower,4.45 V,Infinix Hot 30i X669C / Hot 40i / Smart 7 X6515 / Smart 8 X6525 / Smart 8 Pro X6525B / Smart 9 X6532 / Smart 9 HD X6532C,/assets/images/infinix/BL-49NX.png,https://shopee.co.id/Baterai-Sumopower-Infinix-Hot-30i-X669C-Hot-40i-Smart-7-X6515-Smart-8-X6525-Smart-8-Pro-X6525B-Smart-9-X6532-Smart-9-BL49NX-Double-Power-Original-100--i.1433685724.41152436279
5.0,Infinix,Sumopower Battery Infinix Hot 8 / Hot 9 / Hot 9 Pro / Hot 20i / Note 7 Lite / Smart 5 / Smart 6 / Smart 6 Plus - BL-49FX,135000,BL-49FX,3.85 VOLT,4900mAh,Sumopower,4.4 V,infinix hot 8,/assets/images/infinix/BL-49FX.png,https://shopee.co.id/Baterai-Sumopower-infinix-hot-8-(x650)-hot-9-(x655)-hot-9-pro-(x655f)-Hot-20i-(X665E)-Note-7-Lite-(X656)-Smart-5-(X657)-Smart-6-(X6511)-Smart-6-Plus-(X6823)-BL-49FX-Double-Power-Original-100--i.1433685724.28886989830
6.0,Infinix,Sumopower Battery Infinix Hot 12 / Hot 12i / Hot 20s - BL-49LX,126000,BL-49LX,3.87 VOLT,4900 mAh,Sumopower,4.5 V,Infinix Hot 12i X665 / Hot 20s X6827,/assets/images/infinix/BL-49LX.png,https://shopee.co.id/Baterai-Sumopower-Infinix-Hot-12-X6817-Hot-12i-X665-Hot-20s-X6827-BL-49LX-Double-Power-Original-100--i.1433685724.43352419947
7.0,Infinix,Sumopower Battery Infinix Hot 7 Lite / Hot 11s / Hot 12 Pro / Note 7 / Note 10 / Zero X Neo - BL-49GX,127500,BL-49GX,3.85 VOLT,4900 mAh,Sumopower,4.4 V,Infinix Hot 7 Lite,/assets/images/infinix/BL-49GX.png,https://shopee.co.id/Baterai-Sumopower-Infinix-Hot-7-Lite-(X690B)-Hot-11s-NFC-(X6812B)-HOT-12-Pro-(X668C)-Note-7-(X690)-Note-10-(X693)-Zero-X-Neo-(X6810)-BL-49GX-Double-Power-Original-100--i.1433685724.41502432343
8.0,Infinix,Sumopower Battery Infinix Hot 8 Play / Hot 10s / Hot 10 Play / Hot 11 Play / Hot 12 Play / Hot 30 Play - BL-58BX,144000,BL-58BX,3.85 VOLT,5850 mAh,Sumopower,4.40 V,Infinix Hot 9 Play X680 / Hot 10s X689/ Hot 10 Play X688B / Hot 11 Play X688 / Hot 12 Play X6816 / X6816D NFC / Hot 30 Play X6835,/assets/images/infinix/BL-58BX.png,https://shopee.co.id/Baterai-Sumopower-Infinix-Hot-9-Play-X680-Hot-10s-X689-Hot-10-Play-X688B-Hot-11-Play-X688-Hot-12-Play-X6816-X6816D-NFC-Hot-30-Play-X6835-BL-58BX-Double-Power-Original-100--i.1433685724.28086989553
9.0,Infinix,Sumopower Battery Infinix S5 / S5 Lite / Smart 4 - BL-39LX,124500,BL-39LX,3.85 VOLT,3900 mAh,Sumopower,4.4 V,Infinix s5,/assets/images/infinix/BL-39LX.png,https://shopee.co.id/Baterai-Sumopower-Infinix-S5-X652-S5-Lite-X652B-Smart-4-X653-BL-39LX-Double-Power-Original-100--i.1433685724.40702432605
10.0,Infinix,Sumopower Battery Infinix Hot 10 / Hot 11 / Note 8 / Note 8i - BL-51BX,127500,BL-51BX,3.85 VOLT,5100 mAh,Sumopower,4.4 V,Infinix Hot 10,/assets/images/infinix/BL-51BX.png,https://shopee.co.id/Baterai-Sumopower-Infinix-Hot-10-X682-Hot-11-X662-Note-8-X692-Note-8I-X683-BL-51BX-Double-Power-Original-100--i.1433685724.42552442354
11.0,Infinix,Sumopower Battery Infinix Note 11 NFC / Note 12 / Note 12 G96 / Note 12 2023 / Note 12i 2022 - BL-49KX,129000,BL-49KX,3.87 VOLT,4900 mAh,Sumopower,4.45 V,Infinix Note 11 NFC X663B / Note 12 X663/Note 12 G96 X670/Note 12 2023 X676C / Note 12i 2022 X677,/assets/images/infinix/BL-49KX.png,https://shopee.co.id/Baterai-Sumopower-Infinix-Note-11-NFC-X663B-Note-12-X663-Note-12-G96-X670-Note-12-2023-X676C-Note-12i-2022-X677-BL-49KX-Double-Power-Original-100--i.1433685724.41252432368
12.0,Samsung,Samsung A10S / A20S / A21 SCUD-WT-N6,117000,SCUD-WT-N6,3.82 V - 4.40 V,3900mAh,Sumopower,4.40 V,Samsung A10S / A20S / A21,/assets/images/samsung/WT-N6.png,https://shopee.co.id/SumoPower-Battery-Baterai-Batre-Samsung-A10S-A20S-A21-SCUD-WT-N6-i.1433685724.40504490116?extraParams=%7B%22display_model_id%22%3A253519092200%2C%22model_selection_logic%22%3A3%7D
13.0,Samsung,Samsung C140 / X200 / E250 / C3303 AB463436BU,33000,AB463436BU,,800 mAh,Sumopower,,Samsung C140 / X200 / E250 / C3303,/assets/images/samsung/AB463446BU.png,https://shopee.co.id/SumoPower-Battery-Baterai-Batre-Samsung-C140-X200-E250-C3303-AB463436BU-i.1433685724.41304363995?extraParams=%7B%22display_model_id%22%3A285369849105%2C%22model_selection_logic%22%3A3%7D
14.0,Samsung,Samsung Galaxy J1 / J100 BJ100CBE,67500,BJ100CBE,3.85 V - 4.4 V,2050 mAh,Sumopower,4.4 V,Samsung Galaxy J1 / J100,/assets/images/samsung/J120.png,https://shopee.co.id/SumoPower-Battery-Baterai-Batre-Samsung-Galaxy-J1-J100-BJ100CBE-i.1433685724.43254501995?extraParams=%7B%22display_model_id%22%3A300380885492%2C%22model_selection_logic%22%3A3%7D
15.0,Samsung,Samsung A01 QL1695,97500,QL1695,3.85 V - 4.4 V,2920mAh,Sumopower,4.4 V,Samsung A01,/assets/images/samsung/QL1695.png,https://shopee.co.id/SumoPower-Battery-Baterai-Batre-Samsung-A01-QL1695-i.1433685724.42804289183?extraParams=%7B%22display_model_id%22%3A280363830171%2C%22model_selection_logic%22%3A3%7D
15.0,Samsung,Samsung A01 QL1695,97500,QL1695,3.85 V - 4.4 V,2920mAh,Sumopower,4.4 V,Samsung A01,/assets/images/samsung/QL1695.png,https://shopee.co.id/SumoPower-Battery-Baterai-Batre-Samsung-A01-QL1695-i.1433685724.42804289183?extraParams=%7B%22display_model_id%22%3A280363830171%2C%22model_selection_logic%22%3A3%7D
16.0,Samsung,Samsung A14 / A04E / A22 5G WT-S-W1,121500,WT-S-W1,3.85 V - 4.4 V,4900mAh,Sumopower,4.4 V,Samsung A14 / A04E / A22 5G,/assets/images/samsung/WT-S-W1.png,https://shopee.co.id/SumoPower-Battery-Baterai-Batre-Samsung-A14-A04E-A22-5G-WT-S-W1-i.1433685724.42004500094?extraParams=%7B%22display_model_id%22%3A177206380449%2C%22model_selection_logic%22%3A3%7D
17.0,Samsung,Samsung M11 / M115 / M115F HQ-S71,135000,HQ-S71,3.85 V - 4.4 V,4900mAh,Sumopower,4.4 V,Samsung M11 / M115 / M115F,/assets/images/samsung/M11 HQ-S71.png,https://shopee.co.id/SumoPower-Battery-Baterai-Batre-Samsung-M11-M115-M115F-HQ-S71-i.1433685724.29387569838?extraParams=%7B%22display_model_id%22%3A300381181332%2C%22model_selection_logic%22%3A3%7D
19.0,Samsung,Samsung M10 / A10 2019 / A7 2018 A750 EB-BA750ABU,114000,EB-BA750ABU,3.85 V - 4.4 V,3300mAh,Sumopower,4.4 V,Samsung M10 / A10 2019 / A7 2018 A750,/assets/images/samsung/BA750ABU.png,https://shopee.co.id/SumoPower-Battery-Baterai-Batre-Samsung-M10-A10-2019-A7-2018-A750-EB-BA750ABU-i.1433685724.44304484531?extraParams=%7B%22display_model_id%22%3A300380017302%2C%22model_selection_logic%22%3A3%7D
20.0,Samsung,Samsung J7 Pro J730 / J7 2017 EB-BJ730ABE,105000,EB-BJ730ABE,3.85 V - 4.4 V,3600 mAh,Sumopower,4.4 V,Samsung J7 Pro J730 / J7 2017,/assets/images/samsung/J7 2017.png,https://shopee.co.id/SumoPower-Battery-Baterai-Batre-Samsung-J7-Pro-J730-J7-2017-EB-BJ730ABE-i.1433685724.40304502674?extraParams=%7B%22display_model_id%22%3A258519436043%2C%22model_selection_logic%22%3A3%7D
20.0,Samsung,Samsung J7 Pro J730 / J7 2017 EB-BJ730ABE,105000,EB-BJ730ABE,3.85 V - 4.4 V,3600 mAh,Sumopower,4.4 V,Samsung J7 Pro J730 / J7 2017,/assets/images/samsung/J7 2017.png,https://shopee.co.id/SumoPower-Battery-Baterai-Batre-Samsung-J7-Pro-J730-J7-2017-EB-BJ730ABE-i.1433685724.40304502674?extraParams=%7B%22display_model_id%22%3A258519436043%2C%22model_selection_logic%22%3A3%7D
23.0,Samsung,Samsung A05 WT-S-N28,123000,WT-S-N28,3.85 V - 4.4 V,4900mAh,Sumopower,4.4 V,Samsung A05,/assets/images/samsung/WT-S-N28.png,https://shopee.co.id/SumoPower-Battery-Baterai-Batre-Samsung-A05-WT-S-N28-i.1433685724.42354474775?extraParams=%7B%22display_model_id%22%3A260380577292%2C%22model_selection_logic%22%3A3%7D
24.0,Samsung,Samsung A315F A31 2020 / A22 4G / A32 4G EB-BA315ABY,120000,EB-BA315ABY,3.86 V - 4.43 V,4860mAh,Sumopower,4.43 V,Samsung A315F A31 2020 / A22 4G / A32 4G,/assets/images/samsung/BA315ABY.png,https://shopee.co.id/SumoPower-Battery-Baterai-Batre-Samsung-A315F-A31-2020-A22-4G-A32-4G-EB-BA315ABY-i.1433685724.43154490873?extraParams=%7B%22display_model_id%22%3A188556818689%2C%22model_selection_logic%22%3A3%7D
25.0,Samsung,Samsung Galaxy V / V Plus / S7272 G313,51000,EB-BG313BBE,,1500 mAh,Sumopower,,Samsung Galaxy V / V Plus / S7272,/assets/images/samsung/G313.png,https://shopee.co.id/SumoPower-Battery-Baterai-Batre-Samsung-Galaxy-V-V-Plus-S7272-G313-i.1433685724.43304501495?extraParams=%7B%22display_model_id%22%3A89195396039%2C%22model_selection_logic%22%3A3%7D
25.0,Samsung,Samsung Galaxy V / V Plus / S7272 G313,51000,EB-BG313BBE,,1500 mAh,Sumopower,,Samsung Galaxy V / V Plus / S7272,/assets/images/samsung/G313.png,https://shopee.co.id/SumoPower-Battery-Baterai-Batre-Samsung-Galaxy-V-V-Plus-S7272-G313-i.1433685724.43304501495?extraParams=%7B%22display_model_id%22%3A89195396039%2C%22model_selection_logic%22%3A3%7D
26.0,Samsung,Samsung A11 HQ-70N,117000,HQ-70N,3.82 V - 4.4 V,3900mAh,Sumopower,4.4 V,Samsung A11,/assets/images/samsung/HQ-70N.png,https://shopee.co.id/SumoPower-Battery-Baterai-Batre-Samsung-A11-HQ-70N-i.1433685724.41654490317?extraParams=%7B%22display_model_id%22%3A300380109817%2C%22model_selection_logic%22%3A3%7D
27.0,Samsung,Samsung A20 / A30 / A50 / A30S / A50S EB-BA505ABU,120000,EB-BA505ABU,3.85 V - 4.40 V,3900mAh,Sumopower,4.40 V,Samsung A20 / A30 / A50 / A30S / A50S,/assets/images/samsung/EB-BA505ABU.png,https://shopee.co.id/SumoPower-Battery-Baterai-Batre-Samsung-A20-A30-A50-A30S-A50S-EB-BA505ABU-i.1433685724.40504490451?extraParams=%7B%22display_model_id%22%3A270380237099%2C%22model_selection_logic%22%3A3%7D
28.0,Samsung,Samsung M21 / M20S / M30S / M31 EB-BM207ABY,126000,EB-BM207ABY,3.85 V - 4.4 V,5830mAh,Sumopower,4.4 V,Samsung M21 / M20S / M30S / M31,/assets/images/samsung/BM207ABY.png,https://shopee.co.id/SumoPower-Battery-Baterai-Batre-Samsung-M21-M20S-M30S-M31-EB-BM207ABY-i.1433685724.44004352430?extraParams=%7B%22display_model_id%22%3A270369393972%2C%22model_selection_logic%22%3A3%7D
28.0,Samsung,Samsung M21 / M20S / M30S / M31 EB-BM207ABY,126000,EB-BM207ABY,3.85 V - 4.4 V,5830mAh,Sumopower,4.4 V,Samsung M21 / M20S / M30S / M31,/assets/images/samsung/BM207ABY.png,https://shopee.co.id/SumoPower-Battery-Baterai-Batre-Samsung-M21-M20S-M30S-M31-EB-BM207ABY-i.1433685724.44004352430?extraParams=%7B%22display_model_id%22%3A270369393972%2C%22model_selection_logic%22%3A3%7D
49.0,Vivo,Baterai Sumopower Vivo Y16 2022 B-W1,124500,B-W1,3.87 V - 4.45 V,4910mAh,Sumopower,4.45 V,Vivo Y16 2022,/assets/images/vivo/B-W1.png,https://shopee.co.id/Sumopower-Vivo-Y16-2022-Battery-5000mAh-100--i.1433685724.42404803027
50.0,Vivo,Baterai Sumopower Vivo BK-B-65,87000,BK-B-65,3.8 V,1900 mAh,Sumopower,,Vivo BK-B-65,/assets/images/vivo/BK-B-65.png,https://shopee.co.id/Baterai-Sumopower-Vivo-BK-B-65-Batre-Double-Power-Original-100--i.1433685724.29937609224
51.0,Vivo,Baterai Sumopower Vivo V7 B-D5,97500,B-E8,3.85 V - 4.4 V,2900mAh,Sumopower,4.4 V,Vivo V7,/assets/images/vivo/B-D5.png,https://shopee.co.id/Baterai-Sumopower-Vivo-V7-B-D5-Batre-Double-Power-Original-100--i.1433685724.41304517794
52.0,Vivo,Baterai Sumopower Vivo Y21 / Y21A / Y21S / Y33S B-S2,135000,B-S2,3.87 V - 4.45 V,4910mAh,Sumopower,4.45 V,Vivo Y21 / Y21A / Y21S / Y33S,/assets/images/vivo/B-S2.png,https://shopee.co.id/Sumopower-Vivo-Y21-Y21A-Y21S-Y33S-Battery-5000mAh-Sumopower-Vivo-Battery-5000mAh-Double-Power-i.1433685724.42504633423
53.0,Vivo,Baterai Sumopower Vivo Y21 2020 / Y21S / Y21A / Y21T B-S3,132000,B-S3,3.87 V - 4.45 V,4910mAh,Sumopower,4.45 V,Vivo Y21 2020 / Y21S / Y21A / Y21T,/assets/images/vivo/B-S3.png,https://shopee.co.id/Baterai-Sumopower-Vivo-Y21-2020-Y21S-Y21A-Y21T-B-S3-Batre-Double-Power-Original-100--i.1433685724.27437619029
54.0,Vivo,Baterai Sumopower Vivo Y53 1606 B-C1,102000,B-C1,3.85 V - 4.4 V,2500mAh,Sumopower,4.4 V,Vivo Y53 1606,/assets/images/vivo/B-C1.png,https://shopee.co.id/Sumopower-Vivo-Y53-Battery-100-Original-1606-i.1433685724.27437586466
55.0,Vivo,Baterai Sumopower Vivo Y21 2020 / Y21S / Y21A / Y21T / Y33S B-S1,135000,B-S1,3.87 V - 4.45 V,4910mAh,Sumopower,4.45 V,Vivo Y21 2020 / Y21S / Y21A / Y21T / Y33S,/assets/images/vivo/B-S1.png,https://shopee.co.id/Baterai-Sumopower-Vivo-Y21-2020-Y21S-Y21A-Y21T-Y33S-B-S1-Batre-Double-Power-Original-100--i.1433685724.40554638460
56.0,Vivo,Baterai Sumopower Vivo Y31 / Y31S / Y51 2020 / Y51A / Y52s / Y53s / Y72 5G B-O8,117000,B-O8,3.85 V - 4.4 V,4920mAh,Sumopower,4.4 V,Vivo Y31/Y31S/Y51 2020/Y51A/Y52s/Y53s/Y72 5G,/assets/images/vivo/B-O8.png,https://shopee.co.id/Baterai-Sumopower-Vivo-Y31-Y31S-Y51-2020-Y51A-Y52s-Y53s-Y72-5G-B-O8-Batre-Double-Power-Original-100--i.1433685724.42404637887
57.0,Vivo,Baterai Sumopower Vivo Y01 / Y15S / Y16 B-S7,132000,B-S7,3.87 V - 4.45 V,4910mAh,Sumopower,4.45 V,Vivo Y01 / Y15S / Y16,/assets/images/vivo/B-S7.png,https://shopee.co.id/Baterai-Sumopower-Vivo-Y01-Y15S-Y16-B-S7-Batre-Double-Power-Original-100--i.1433685724.41704797126
58.0,Vivo,Baterai Sumopower Vivo V21 B-P9,120000,B-P9,3.89 V - 4.48 V,3905mAh,Sumopower,4.48 V,Vivo V21,/assets/images/vivo/B-P9.png,https://shopee.co.id/Baterai-Sumopower-Vivo-V21-B-P9-Batre-Double-Power-Original-100--i.1433685724.43004637984
59.0,Vivo,Baterai Sumopower Vivo Y31 / Y31S / Y51 2020 / Y51A / Y52s / Y53s / Y72 5G B-O5,135000,B-O8,3.87 V - 4.45 V,4910mAh,Sumopower,4.45 V,Vivo Y31/Y31S/Y51 2020/Y51A/Y52s/Y53s/Y72 5G,/assets/images/vivo/B-O5.png,https://shopee.co.id/Baterai-Sumopower-Vivo-Y31-Y31S-Y51-2020-Y51A-Y52s-Y53s-Y72-5G-B-O8-Batre-Double-Power-Original-100--i.1433685724.41554642758
60.0,Vivo,Baterai Sumopower Vivo Y15S / Y01 B-S8,132000,B-S8,3.87 V - 4.45 V,4910mAh,Sumopower,4.45 V,Vivo Y15S / Y01,/assets/images/vivo/B-S8.png,https://shopee.co.id/Sumopower-Vivo-Y15S-Y01-Battery-5000mAh-100--i.1433685724.40354792909
61.0,Vivo,Baterai Sumopower Vivo V23E B-R5,123000,B-R5,3.89 V - 4.48 V,3970mAh,Sumopower,4.48 V,Vivo V23E,/assets/images/vivo/B-R5.png,https://shopee.co.id/Baterai-Sumopower-Vivo-V23E-B-R5-Batre-Double-Power-Original-100--i.1433685724.40804638246
62.0,Vivo,Baterai Sumopower Vivo Y83 / Y81 B-E5,105000,B-E5,3.85 V - 4.4 V,3810mAh,Sumopower,4.4 V,Vivo Y83 / Y81,/assets/images/vivo/B-E5.png,https://shopee.co.id/Baterai-Sumopower-Vivo-Y83-Y81-B-E5-Batre-Double-Power-Original-100--i.1433685724.41954527224
63.0,Vivo,Baterai Sumopower Vivo Y69 1714 B-C8,115500,B-E8,3.85 V - 4.4 V,2830mAh,Sumopower,4.4 V,Vivo Y69 1714,/assets/images/vivo/B-C8.png,https://shopee.co.id/Baterai-Sumopower-Vivo-Y69-1714-B-E8-Batre-Double-Power-Original-100--i.1433685724.29487600821
64.0,Vivo,Baterai Sumopower Vivo Y19 2019 B-H9,127500,B-H9,3.85 V - 4.4 V,4920mAh,Sumopower,4.4 V,Vivo Y19 2019,/assets/images/vivo/BH-9.png,https://shopee.co.id/Baterai-Sumopower-Vivo-Y19-2019-B-H9-Batre-Double-Power-Original-100--i.1433685724.28837579831
65.0,Vivo,Baterai Sumopower Vivo S1 B-G5,112500,B-G5,3.85 V - 4.4 V,3920mAh,Sumopower,4.4 V,Vivo S1,/assets/images/vivo/B-G5.png,https://shopee.co.id/Baterai-Sumopower-Vivo-S1-B-G5-Batre-Double-Power-Original-100--i.1433685724.40104504460
66.0,Vivo,Baterai Sumopower Vivo V20 SE B-O6,120000,B-O6,3.87 V - 4.45 V,4020mAh,Sumopower,4.45 V,Vivo V20 SE,/assets/images/vivo/B-O6.png,https://shopee.co.id/Baterai-Sumopower-Vivo-V20-SE-B-O6-Batre-Double-Power-Original-100--i.1433685724.41354638025
67.0,Vivo,Baterai Sumopower Vivo V25 5G B-V7,120000,B-V7,3.89 V - 4.48 V,4390mAh,Sumopower,4.48 V,Vivo V25 5G,/assets/images/vivo/B-V7.png,https://shopee.co.id/Baterai-Sumopower-Vivo-V25-5G-B-V7-Batre-Double-Power-Original-100--i.1433685724.40904807589
68.0,Vivo,Baterai Sumopower Vivo V11 Pro 1804 B-F0,111000,B-F0,3.85 V - 4.4 V,3330mAh,Sumopower,4.4 V,Vivo V11 Pro 1804,/assets/images/vivo/B-F0.png,https://shopee.co.id/Baterai-Sumopower-Vivo-V11-Pro-1804-B-F0-Batre-Double-Power-Original-100--i.1433685724.43504499720
69.0,Vivo,Baterai Sumopower Vivo V15 Pro B-G0,112500,B-G0,3.85 V - 4.4 V,3920 mAh,Sumopower,4.4 V,Vivo V15 Pro,/assets/images/vivo/B-G0.png,https://shopee.co.id/Baterai-Sumopower-Vivo-V15-Pro-B-G0-Batre-Double-Power-Original-100--i.1433685724.40054534259
70.0,Vivo,Baterai Sumopower Vivo V17 1919 / V19 B-K6,123000,B-K6,3.87 V - 4.45 V,4930mAh,Sumopower,4.45 V,Vivo V17 1919 / V19,/assets/images/vivo/B-K6.png,https://shopee.co.id/Baterai-Sumopower-Vivo-V17-1919-V19-B-K6-Batre-Double-Power-Original-100--i.1433685724.41204642284
71.0,Vivo,Baterai Sumopower Vivo V11 1806 / V11i / Y97 B-E8,108000,B-E8,3.85 V - 4.4 V,3315 mAh,Sumopower,4.4 V,Vivo V11 1806 / V11i / Y97,/assets/images/vivo/B-E8.png,https://shopee.co.id/Baterai-Sumopower-Vivo-V11-1806-V11i-Y97-B-E8-Batre-Double-Power-Original-100--i.1433685724.42504515104
72.0,Vivo,Baterai Sumopower Vivo Y91 / Y93 1814 / Y95 / Y91C 1820 / Y1S B-F3,120000,B-F3,3.85 V - 4.4 V,3935mAh,Sumopower,4.4 V,Vivo Y91 / Y93 1814 / Y95 / Y91C 1820 / Y1S,/assets/images/vivo/B-F3.png,https://shopee.co.id/Baterai-Sumopower-Vivo-Y91-Y93-1814-Y95-Y91C-1820-Y1S-B-F3-Batre-Double-Power-Original-100--i.1433685724.44454499870
73.0,Vivo,Baterai Sumopower Vivo Y22 2022 B-W3,124500,B-W3,3.87 V - 4.45 V,4910mAh,Sumopower,4.45 V,Vivo Y22 2022,/assets/images/vivo/B-W3.png,https://shopee.co.id/Baterai-Sumopower-Vivo-Y22-2022-B-W3-Batre-Double-Power-Original-100--i.1433685724.43054808252
74.0,Vivo,Baterai Sumopower Vivo Y55 / Y55S 1610 / Y55L B-B1,105000,B-B1,3.85 V - 4.4 V,2650mAh,Sumopower,4.4 V,Vivo Y55 / Y55S 1610 / Y55L,/assets/images/vivo/B-B1.png,https://shopee.co.id/Baterai-Sumopower-Vivo-Y55-Y55S-1610-Y55L-B-B1-Batre-Double-Power-Original-100--i.1433685724.28637586491
75.0,Vivo,Baterai Sumopower Vivo S1 Pro B-K3,123000,B-K3,3.87 V - 4.45 V,4390mAh,Sumopower,4.45 V,Vivo S1 Pro,/assets/images/vivo/B-K3.png,https://shopee.co.id/Baterai-Sumopower-Vivo-S1-Pro-B-K3-Batre-Double-Power-Original-100--i.1433685724.41404637357
76.0,Vivo,Baterai Sumopower Vivo Z1 Pro 1918 / Y17 4G 1902 / Y12 1904 / Y12i / Y11 / Y15 4G 1901 B-G7,120000,B-G7,3.85 V - 4.4 V,4880mAh,Sumopower,4.4 V,Vivo Z1 Pro 1918 / Y17 4G 1902 / Y12 1904 / Y12i / Y11 / Y15 4G 1901,/assets/images/vivo/B-G7.png,https://shopee.co.id/Baterai-Sumopower-Vivo-Z1-Pro-1918-Y17-4G-1902-Y12-1904-Y12i-Y11-Y15-4G-1901-B-G7-Batre-Double-Power-Original-100--i.1433685724.40604524018
77.0,Vivo,Baterai Sumopower Vivo Y31 2020 / Y51 2020 / Y51A / Y53S 5G B-Q8,127500,B-Q8,3.87 V - 4.45 V,4880mAh,Sumopower,4.45 V,Vivo Y31 2020 / Y51 2020 / Y51A / Y53S 5G,/assets/images/vivo/B-Q8.png,https://shopee.co.id/Baterai-Sumopower-Vivo-Y31-2020-Y51-2020-Y51A-Y53S-5G-B-Q8-Batre-Doube-Power-Original-100--i.1433685724.44004642902
78.0,Vivo,Baterai Sumopower Vivo V17 Pro B-H1,112500,B-H1,3.87 V - 4.45 V,4040mAh,Sumopower,4.45 V,Vivo V17 Pro,/assets/images/vivo/BH-1.png,https://shopee.co.id/Baterai-Sumopower-Vivo-V17-Pro-B-H1-Batre-Double-Power-Original-100--i.1433685724.43954499020
79.0,Vivo,Baterai Sumopower Vivo V15 Pro B-G1,108000,B-G1,3.85 V - 4.4 V,3620mAh,Sumopower,4.4 V,Vivo V15 Pro,/assets/images/vivo/B-G1.png,https://shopee.co.id/Baterai-Sumopower-Vivo-V15-Pro-B-G1-Batre-Double-Power-Original-100--i.1433685724.42204514460
80.0,Vivo,Baterai Sumopower Vivo Y21T / Y33S 4G / Y33T B-T7,127500,B-T7,3.87 V - 4.45 V,4910mAh,Sumopower,4.45 V,Vivo Y21T / Y33T,/assets/images/vivo/B-T7.png,https://shopee.co.id/Baterai-Sumopower-Vivo-Y21T-Y33S-4G-Y33T-B-T7-Batre-Double-Power-Original-100--i.1433685724.41154797931
81.0,Vivo,Baterai Sumopower Vivo V15 1819 B-G2,112500,B-G2,3.85 V - 4.4 V,3900mAh,Sumopower,4.4 V,Vivo V15 1819,/assets/images/vivo/B-G2.png,https://shopee.co.id/Baterai-Sumopower-Vivo-V15-1819-B-G2-Batre-Double-Power-Original-100--i.1433685724.42254494938
82.0,Vivo,Baterai Sumopower Vivo V20 / V20 Pro / S7 B-N8,114000,B-N8,3.87 V - 4.45 V,3920 mAh,Sumopower,4.45 V,Vivo V20 / V20 Pro / S7,/assets/images/vivo/B-N8.png,https://shopee.co.id/Baterai-Sumopower-Vivo-V20-V20-Pro-S7-B-N8-Batre-Double-Power-Original-100--i.1433685724.43304642336
83.0,Vivo,Baterai Sumopower Vivo V5 1601 / V5S 1612 / V5 Lite 1609 / Y65 1719 / Y66 / Y67 B-B2,106500,B-B2,3.85 V - 4.4 V,2930mAh,Sumopower,4.4 V,Vivo V5 1601/V5S 1612/V5 Lite 1609/Y65 1719/Y66/Y67,/assets/images/vivo/B-B2.png,https://shopee.co.id/Baterai-Sumopower-Vivo-V5-1601-V5S-1612-V5-Lite-1609-Y65-1719-Y66-Y67-B-B2-Batre-Double-Power-Original-100--i.1433685724.42104523065
84.0,Vivo,Baterai Sumopower Vivo Y30 / Y30I / Y50 1935 B-M3,120000,B-M3,3.87 V - 4.45 V,4880mAh,Sumopower,4.45 V,Vivo Y30 / Y30I / Y50 1935,/assets/images/vivo/B-M3.png,https://shopee.co.id/Baterai-Sumopower-Vivo-Y30-Y30I-Y50-1935-B-M3-Batre-Double-Power-Original-100--i.1433685724.43904647013
85.0,Vivo,Baterai Sumopower Vivo V9 1723 / V9 Pro / V9 Youth 1727 / Y85 B-D9,105000,B-D9,3.85 V - 4.4 V,3810mAh,Sumopower,4.4 V,Vivo V9 1723 / V9 Pro / V9 Youth 1727 / Y85,/assets/images/vivo/B-D9.png,https://shopee.co.id/Baterai-Sumopower-Vivo-V9-1723-V9-Pro-V9-Youth-1727-Y85-B-D9-Batre-Double-Power-Original-100--i.1433685724.42404508977
86.0,Oppo,Baterai Sumopower Reno 4 4G BLP791,138750,BLP791,3.87 V - 4.45 V,3920 mAh,Sumopower,4.45 V,Reno 4 4G,/assets/images/oppo/BLP791.png,https://shopee.co.id/Baterai-Sumopower-Reno-4-4G-BLP791-Batre-Double-Power-Original-100--i.1433685724.27737524192
87.0,Oppo,Baterai Sumopower BLP915 A17 / A17K,127500,BLP915,3.87 V - 4.45 V,4890mAh,Sumopower,4.45 V,A17 / A17K,/assets/images/oppo/BLP915.png,https://shopee.co.id/Baterai-Sumopower-BLP915-A17-A17K-Batre-Double-Power-Original-100--i.1433685724.42854288043
88.0,Oppo,Baterai Sumopower Reno 2 BLP735,127500,BLP735,3.87 V - 4.45 V,3915mAh,Sumopower,4.45 V,Reno 2,/assets/images/oppo/BLP735.png,https://shopee.co.id/Baterai-Sumopower-Reno-2-BLP735-Batre-Double-Power-Original-100--i.1433685724.41654252338
89.0,Oppo,Baterai Sumopower BLP707 F11,132000,BLP707,3.85 V - 4.4 V,3910mAh,Sumopower,4.4 V,F11,/assets/images/oppo/blp707.png,https://shopee.co.id/Baterai-Sumopower-BLP707-F11-Batre-Double-Power-Original-100--i.1433685724.40704250477
90.0,Oppo,Baterai Sumopower BLP649 A83,100500,BLP649,3.85 V - 4.4 V,3090mAh,Sumopower,4.4 V,A83,/assets/images/oppo/blp649.png,https://shopee.co.id/Baterai-Sumopower-BLP649-A83-Batre-Double-Power-Original-100--i.1433685724.40104238186
91.0,Oppo,Baterai Sumopower BLP927 A77S,135000,BLP927,3.87 V - 4.45 V,4880mAh,Sumopower,4.45 V,A77S,/assets/images/oppo/BLP927.png,https://shopee.co.id/Baterai-Sumopower-BLP927-A77S-Batre-Double-Power-Original-100--i.1433685724.28187514855
92.0,Oppo,Baterai Sumopower REALME 2 PRO BLP683,106500,BLP683,3.85 V - 4.4 V,3495mAh,Sumopower,4.4 V,REALME 2 PRO,/assets/images/oppo/blp683.png,https://shopee.co.id/Baterai-Sumopower-REALME-2-PRO-BLP683-Batre-Double-Power-Original-100--i.1433685724.41354244162
93.0,Oppo,Baterai Sumopower Reno 2F / Reno 2Z BLP737,127500,BLP737,3.85 V - 4.4 V,3900mAh,Sumopower,4.4 V,Reno 2F / Reno 2Z,/assets/images/oppo/BLP737.png,https://shopee.co.id/Baterai-Sumopower-Reno-2F-Reno-2Z-BLP737-Batre-Double-Power-Original-100--i.1433685724.40754262564
94.0,Oppo,Baterai Sumopower Realme Narzo 10 / Realme 6I / C25Y BLP771,135000,BLP771,3.87 V - 4.45 V,4880 mAh,Sumopower,4.45 V,Realme Narzo 10 / Realme 6I / C25Y,/assets/images/oppo/blp771.png,https://shopee.co.id/Baterai-Sumopower-Realme-Narzo-10-Realme-6I-C25Y-BLP771-Batre-Double-Power-Original-100--i.1433685724.40154263852
95.0,Oppo,Baterai Sumopower Reno 4 5G BLP789,232500,BLP789,7.7 V - 8.9 V,1965mAh,Sumopower,8.9 V,Reno 4 5G,/assets/images/oppo/BLP789.png,https://shopee.co.id/Baterai-Sumopower-Reno-4-5G-BLP789-Batre-Double-Power-Original-100--i.1433685724.41954280867
96.0,Oppo,Baterai Sumopower A52 / A92 BLP781,120000,BLP781,3.87 V - 4.45 V,4880mAh,Sumopower,4.45 V,A52 / A92,/assets/images/oppo/BLP781.png,https://shopee.co.id/Baterai-Sumopower-A52-A92-BLP781-Batre-Double-Power-Original-100--i.1433685724.44154254470
97.0,Oppo,Baterai Sumopower Realme 5 Pro BLP731,130500,BLP731,3.85 V - 4.4 V,3950mAh,Sumopower,4.4 V,Realme 5 Pro,/assets/images/oppo/BLP731.png,https://shopee.co.id/Sumopower-Realme-5-Pro-Battery-4035mAh-100--i.1433685724.24095561246
98.0,Oppo,Baterai Sumopower K3 / Realme X BLP715,135000,BLP715,3.85 V - 4.4 V,3680mAh,Sumopower,4.4 V,K3 / Realme X,/assets/images/oppo/blp715.png,https://shopee.co.id/Baterai-Sumopower-K3-Realme-X-BLP715-Batre-Double-Power-Original-100--i.1433685724.41804256131
99.0,Oppo,Baterai Sumopower BLP623 / BLP625 F3 Plus / R9S Plus,132000,BLP623,3.85 V - 4.4 V,3890mAh,Sumopower,4.4 V,F3 Plus / R9S Plus,/assets/images/oppo/blp623.png,https://shopee.co.id/Baterai-Sumopower-BLP623-BLP625-F3-Plus-R9S-Plus-Batre-Double-Power-Original-100--i.1433685724.41754247134
100.0,Oppo,Baterai Sumopower Realme 6 / Realme 6 Pro / Narzo BLP757,135000,BLP757,3.87 V - 4.45 V,4210mAh,Sumopower,4.45 V,Realme 6 / Realme 6 Pro / Narzo,/assets/images/oppo/BLP757.png,https://shopee.co.id/Baterai-Sumopower-Realme-6-Realme-6-Pro-Narzo-BLP757-Batre-Double-Power-Original-100--i.1433685724.26287508613
101.0,Oppo,Baterai Sumopower Realme 3 BLP693,108000,BLP693,3.85 V - 4.4 V,4100mAh,Sumopower,4.4 V,Realme 3,/assets/images/oppo/blp693.png,https://shopee.co.id/Baterai-Sumopower-Realme-3-BLP693-Batre-Double-Power-Original-100--i.1433685724.25495531165
102.0,Oppo,Baterai Sumopower A74 4G / A95 4G BLP851,142500,BLP851,3.87 V - 4.45 V,4880mAh,Sumopower,4.45 V,A74 4G / A95 4G,/assets/images/oppo/BLP851.png,https://shopee.co.id/Baterai-Sumopower-A74-4G-A95-4G-BLP851-Batre-Double-Power-Original-100--i.1433685724.41054277796
103.0,Oppo,Baterai Sumopower BLP609 F1 Plus / R9,109500,BLP609,4.35 V - 3.8 V,2750 mAh,Sumopower,3.8 V,F1 Plus / R9,/assets/images/oppo/blp609.png,https://shopee.co.id/Baterai-Sumopower-BLP609-F1-Plus-R9-Batre-Double-Power-Original-100--i.1433685724.41304236291
104.0,Oppo,Baterai Sumopower Reno 3 / F15 / A91 BLP765,129000,BLP765,3.87 V - 4.45 V,3935mAh,Sumopower,4.45 V,Reno 3 / F15 / A91,/assets/images/oppo/BLP765.png,https://shopee.co.id/Baterai-Sumopower-Reno-3-F15-A91-BLP765-Batre-Double-Power-Original-100--i.1433685724.41404263411
105.0,Oppo,Baterai Sumopower Reno 3 5G / Reno 3 Pro BLP755,127500,BLP755,3.87 V - 4.45 V,3935mAh,Sumopower,4.45 V,Reno 3 5G / Reno 3 Pro,/assets/images/oppo/BLP755.png,https://shopee.co.id/Baterai-Sumopower-Reno-3-5G-Reno-3-Pro-BLP755-Batre-Double-Power-Original-100--i.1433685724.44054258108
106.0,Oppo,Baterai Sumopower Realme XT BLP741,127500,BLP741,3.87 V - 4.45 V,3920mAh,Sumopower,4.45 V,Realme XT,/assets/images/oppo/BLP741.png,https://shopee.co.id/Baterai-Sumopower-Realme-XT-BLP741-Batre-Double-Power-Original-100--i.1433685724.42304252914
107.0,Oppo,Baterai Sumopower BLP711 A1K,112500,BLP711,3.85 V - 4.4 V,3890mAh,Sumopower,4.4 V,A1K,/assets/images/oppo/blp711.png,https://shopee.co.id/Baterai-Sumopower-BLP711-A1K-Batre-Double-Power-Original-100--i.1433685724.40804265380
108.0,Oppo,Baterai Sumopower A58 4G / A38 BLPA19,127500,BLPA19,3.91 V - 4.5 V,4880mAh,Sumopower,4.5 V,A58 4G / A38,/assets/images/oppo/BLPA19.png,https://shopee.co.id/Baterai-Sumopower-A58-4G-A38-BLPA19-Batre-Double-Power-Original-100--i.1433685724.40354288780
109.0,Oppo,Baterai Sumopower Realme 7I / Realme 8 5G / V3 / C17 BLP803,138000,BLP803,3.87 V - 4.45 V,4890mAh,Sumopower,4.45 V,Realme 7I / Realme 8 5G / V3 / C17,/assets/images/oppo/BLP803.png,https://shopee.co.id/Baterai-Sumopower-Realme-7I-Realme-8-5G-V3-C17-BLP803-Batre-Double-Power-Original-100--i.1433685724.44404281178
110.0,Oppo,Baterai Sumopower A15 / A15S / A16E / A16K BLP817,112500,BLP817,3.85 V - 4.4 V,4100mAh,Sumopower,4.4 V,A15 / A15S / A16E / A16K,/assets/images/oppo/BLP817.png,https://shopee.co.id/Baterai-Sumopower-A15-A15S-A16E-A16K-BLP817-Batre-Double-Power-Original-100--i.1433685724.27687524501
111.0,Oppo,Baterai Sumopower BLPA07 A78 4G,165000,BLPA07,3.87 V - 4.45 V,4890mAh,Sumopower,4.45 V,A78 4G,/assets/images/oppo/BLPA07.png,https://shopee.co.id/Baterai-Sumopower-BLPA07-A78-4G-Batre-Double-Power-Original-100--i.1433685724.40454273916
112.0,Oppo,Baterai Sumopower Reno 4 Pro BLP787,232500,BLP787,7.7 V - 8.9 V,1955mAh,Sumopower,8.9 V,Reno 4 Pro,/assets/images/oppo/BLP787.png,https://shopee.co.id/Baterai-Sumopower-Reno-4-Pro-BLP787-Batre-Double-Power-Original-100--i.1433685724.40354275559
113.0,Oppo,Baterai Sumopower A18 BLPA21,127500,BLPA21,3.87 V - 4.45 V,4890mAh,Sumopower,4.45 V,A18,/assets/images/oppo/BLPA21.png,https://shopee.co.id/Baterai-Sumopower-A18-BLPA21-Batre-Double-Power-Original-100--i.1433685724.29637524988
114.0,Oppo,Baterai Sumopower BLP807 Realme 7 / V5,142500,BLP807,3.87 V - 4.45 V,4900mAh,Sumopower,4.45 V,Realme 7 / V5,/assets/images/oppo/BLP807.png,https://shopee.co.id/Baterai-Sumopower-BLP807-Realme-7-V5-Batre-Double-Power-Original-100--i.1433685724.27487524465
115.0,Oppo,Baterai Sumopower Realme C2 BLP721,108750,BLP721,3.85 V - 4.4 V,4000 mAh,Sumopower,4.4 V,Realme C2,/assets/images/oppo/blp721.png,https://shopee.co.id/Baterai-Sumopower-Realme-C2-BLP721-Batre-Double-Power-Original-100--i.1433685724.26687522935
116.0,Oppo,Baterai Sumopower BLP681 F9 / F9 Pro / R17,120000,BLP681,3.85 V - 4.4 V,3415mAh,Sumopower,4.4 V,F9 / F9 Pro / R17,/assets/images/oppo/blp681.png,https://shopee.co.id/Baterai-Sumopower-BLP681-F9-F9-Pro-R17-Batre-Double-Power-ORiginal-100--i.1433685724.41454238973
117.0,Oppo,Baterai Sumopower BLP697 F11 Pro,135000,BLP697,3.85 V - 4.4 V,4000 mAh,Sumopower,4.4 V,F11 Pro,/assets/images/oppo/blp697.png,https://shopee.co.id/Baterai-Sumopower-BLP697-BLP697-F11-Pro-Batre-Batre-Double-Power-Original-100--i.1433685724.42104255102
118.0,Oppo,Baterai Sumopower RENO 6 G BLP819,150000,BLP819,3.87 V - 4.45 V,4220mAh,Sumopower,4.45 V,RENO 6 G,/assets/images/oppo/BLP819.png,https://shopee.co.id/Baterai-Sumopower-RENO-6-G-BLP819-Batre-Double-Power-original-100--i.1433685724.42154277444
119.0,Oppo,Baterai Sumopower BLP615 Neo 9 / A37 / A37F,97500,BLP615,3.85 V - 4.4 V,2550mAh,Sumopower,4.4 V,Neo 9 / A37 / A37F,/assets/images/oppo/blp615.png,https://shopee.co.id/Baterai-Sumopower-BLP615-Neo-9-A37-A37F-Batre-Double-Power-Original-100--i.1433685724.40404246285
120.0,Oppo,Baterai Sumopower BLP877 Realme Narzo 50A Prime / Narzo 50i / Narzo 50i Prime / Note 50 / 8i / C30 / C30S / C31 / C33 / C35,127500,BLP851,3.87 V - 4.45 V,4890mAh,Sumopower,4.45 V,Realme Narzo 50A Prime/Narzo 50i/Narzo 50i Prime/Note 50/8i/C30/C30S/C31/C33/C35,/assets/images/oppo/BLP877.png,https://shopee.co.id/Baterai-Sumopower-BLP877-Realme-Narzo-50A-Prime-Narzo-50i-Narzo-50i-Prime-Note-50-8i-C30-C30S-C31-C33-C35-Batre-Double-Power-Originial-100--i.1433685724.40004302971
121.0,Oppo,Baterai Sumopower Realme 3 Pro BLP713,135000,BLP713,3.85 V - 4.4 V,3960 mAh,Sumopower,4.4 V,Realme 3 Pro,/assets/images/oppo/BLP713.png,https://shopee.co.id/Baterai-Sumopower-Realme-3-Pro-BLP713-Batre-Double-Power-Original-100--i.1433685724.41304255834
122.0,Oppo,Baterai Sumopower Realme C12 / C15 / C25 / C25S / Narzo 20 / Narzo 20A / Narzo 30A / Narzo 50A BLP793,142500,BLP793,3.87 V - 4.45 V,5860 mAh,Sumopower,4.45 V,Realme C12/C15/C25/C25S/Narzo 20/Narzo 20A/Narzo 30A/Narzo 50A,/assets/images/oppo/BLP793.png,https://shopee.co.id/Baterai-Sumopower-Realme-C12-C15-C25-C25S-Narzo-20-Narzo-20A-Narzo-30A-Narzo-50A-BLP793-Batre-Double-Power-Original-100--i.1433685724.42004275953
123.0,Oppo,Baterai Sumopower BLP619 A39 / A57 2016,97500,BLP619,3.85 V - 4.4 V,2820mAh,Sumopower,4.4 V,A39 / A57 2016,/assets/images/oppo/blp619.png,https://shopee.co.id/Baterai-Sumopower-BLP619-A39-A57-2016-Batre-Double-Power-Original-100--i.1433685724.42154231899
124.0,Oppo,Baterai Sumopower F1 / A35 / Neo 7 / A33W / A33 / F1F BLP605,99750,BLP605,4.35 V - 3.8 V,2400 mAh,Sumopower,3.8 V,F1 / A35 / Neo 7 / A33W / A33 / F1F,/assets/images/oppo/blp605.png,https://shopee.co.id/Baterai-Sumopower-F1-A35-Neo-7-A33W-A33-F1F-BLP605-Batre-Double-Power-Original-100--i.1433685724.44354230868
125.0,Oppo,Baterai Sumopower A3S / A5 / A5S AX5S / A7 / A7X / A11K / A12 2020 / A31 2020 / Realme C1 / Realme 2 BLP673,102000,BLP673,3.85 V - 4.4 V,4100mAh,Sumopower,4.4 V,A3S/A5/A5S AX5S/A7/A7X/A11K/A12 2020/A31 2020/Realme C1/Realme 2,/assets/images/oppo/blp673.png,https://shopee.co.id/Baterai-Sumopower-A3S-A5-A5S-AX5S-A7-A7X-A11K-A12-2020-A31-2020-Realme-C1-Realme-2-BLP673-Batre-Double-Power-Original-100--i.1433685724.29687507290
126.0,Oppo,Baterai Sumopower BLP923 A57 4G 2022 / A57 5G / A57S / A77 5G / A77S / A78 5G / A97 5G / Realme C51,135000,BLP915,3.87 V - 4.45 V,4880mAh,Sumopower,4.45 V,A57 4G 2022/A57 5G/A57S/A77 5G/A77S/A78 5G/A97 5G/Realme C51,/assets/images/oppo/BLP923.png,https://shopee.co.id/Baterai-Sumopower-BLP923-A57-4G-2022-A57-5G-A57S-A77-5G-A77S-A78-5G-A97-5G-Realme-C51-Batre-Double-Power-Original-100--i.1433685724.42604273481
127.0,Oppo,Baterai Sumopower BLP727 A9 2020 / A5 2020,127500,BLP727,3.87 V - 4.45 V,4800mAh,Sumopower,4.45 V,A9 2020 / A5 2020,/assets/images/oppo/BLP727_729.png,https://shopee.co.id/Baterai-Sumopower-BLP727-A9-2020-A5-2020-Batre-Double-Power-Original-100--i.1433685724.42254266588
128.0,Oppo,Baterai Sumopower F3 / F5 / F5 Youth / A73 / A77 BLP631,99750,BLP631,3.85 V - 4.4 V,3115mAh,Sumopower,4.4 V,F3 / F5 / F5 Youth / A73 / A77,/assets/images/oppo/BLP631.png,https://shopee.co.id/Baterai-Sumopower-F3-F5-F5-Youth-A73-A77-BLP631-Batre-Double-Power-Original-100--i.1433685724.42004242424
129.0,Oppo,Baterai Sumopower A16 2021 / A32 / A33 2020 / A53 2020 / A53S 5G / A54 / A54S / A55 / A73 / A74 5G / A75 / A93 5G BLP805,138000,BLP805,3.87 V - 4.45 V,4890mAh,Sumopower,4.45 V,A16 2021/A32/A33 2020/A53 2020/A53S 5G/A54/A54S/A55/A73/A74 5G/A75/A93 5G,/assets/images/oppo/BLP805.png,https://shopee.co.id/Baterai-Sumopower-A16-2021-A32-A33-2020-A53-2020-A53S-5G-A54-A54S-A55-A73-A74-5G-A75-A93-5G-BLP805-Batre-Double-Power-Original-100--i.1433685724.41154276747
130.0,Oppo,Baterai Sumopower A92S / Reno 4F BLP779,114000,BLP779,3.85 V - 4.4 V,3890mAh,Sumopower,4.4 V,A92S / Reno 4F,/assets/images/oppo/BLP779.png,https://shopee.co.id/Baterai-Sumopower-A92S-Reno-4F-BLP779-Batre-Double-Power-Original-100--i.1433685724.40704259084
131.0,Oppo,Baterai Sumopower BLP907 A96 5G / F21 Pro / Reno 7 4G / Reno 7Z / Reno 8 4G / Reno 8 Lite,132000,BLP851,3.87 V - 4.45 V,4385mAh,Sumopower,4.45 V,A96 5G / F21 Pro / Reno 7 4G / Reno 7Z / Reno 8 4G / Reno 8 Lite,/assets/images/oppo/BLP907.png,https://shopee.co.id/Baterai-Sumopower-BLP907-A96-5G-F21-Pro-Reno-7-4G-Reno-7Z-Reno-8-4G-Reno-8-Lite-Batre-Double-Power-Original-100--i.1433685724.41604282900
132.0,Oppo,Baterai Sumopower Reno 5F / Reno 5Z / Reno 6Z / A95 5G BLP839,123000,BLP839,3.87 V - 4.45 V,4220mAh,Sumopower,4.45 V,Reno 5F / Reno 5Z / Reno 6Z / A95 5G,/assets/images/oppo/BLP839.png,https://shopee.co.id/Baterai-Sumopower-Reno-5F-Reno-5Z-Reno-6Z-A95-5G-BLP839-Batre-Double-Power-Original-100--i.1433685724.43954282474
133.0,Oppo,Baterai Sumopower F1S / A53 2015 / A59 BLP601,106500,BLP601,4.35 V - 3.8 V,2980mAh,Sumopower,3.8 V,F1S/A53 2015/A59,/assets/images/oppo/blp601.png,https://shopee.co.id/Baterai-Sumopower-F1S-A53-2015-A59-BLP601-Batre-Double-Power-Original-100--i.1433685724.25345545762
134.0,Oppo,Baterai Sumopower F7 / F7 Pro / A3 BLP661,100500,BLP661,3.85 V - 4.4 V,3300mAh,Sumopower,4.4 V,F7 / F7 Pro / A3,/assets/images/oppo/blp661.png,https://shopee.co.id/Baterai-Sumopower-F7-F7-Pro-A3-BLP661-Batre-Double-Power-Original-100--i.1433685724.27887512109
135.0,Oppo,Baterai Sumopower A71 BLP641,100500,BLP641 A71,3.85 V - 4.4 V,2900 mAh,Sumopower,4.4 V,A71,/assets/images/oppo/blp641.png,https://shopee.co.id/Baterai-Sumopower-A71-BLP641-Batre-Double-Power-Original-100--i.1433685724.43504242723
136.0,Xiaomi,Baterai Sumopower Redmi Note 5A / Note 5A Pro / Note 5A Prime / Mi A1 / Mi 5X / Redmi S2,90000,BN31,3.85 V - 4.40 V,3000 mAh,Sumopower,4.40 V,Redmi Note 5A/Note 5A Pro/Note 5A Prime/Mi A1/Mi 5X/Redmi S2,/assets/images/xiaomi/BN31.png,https://shopee.co.id/Sumopower-Baterai-Redmi-Note-5A-Mi-A1-100-Original-i.1433685724.24095544518
137.0,Xiaomi,Baterai Sumopower Mi 6 BM39,87000,BM39,3.85 V - 4.40 V,3250mAh,Sumopower,4.40 V,Mi 6,/assets/images/xiaomi/BM39.png,https://shopee.co.id/Baterai-Sumopower-Mi-6-BM39-Batre-Double-Power-Original-100--i.1433685724.40604378319
138.0,Xiaomi,Baterai Sumopower Mi 4 BM32,97500,BM32,3.80 V - 4.35 V,3000mAh,Sumopower,4.35 V,Mi 4,/assets/images/xiaomi/BM32.png,https://shopee.co.id/Baterai-Sumopower-Mi-4-BM32-Batre-Double-Power-Original-100--i.1433685724.43004372359
139.0,Xiaomi,Baterai Sumopower Redmi 12C BN5K,127500,BN5K,3.87 V - 4.40 V,4900mAh,Sumopower,4.40 V,Redmi 12C,/assets/images/xiaomi/BN5K.png,https://shopee.co.id/Baterai-Sumopower-Redmi-12C-BN5K-Batre-Double-Power-Original-100--i.1433685724.41704477762
140.0,Xiaomi,Baterai Sumopower Redmi 7A BN49,112500,BN49,3.85 V - 4.40 V,4000 mAh,Sumopower,4.40 V,Redmi 7A,/assets/images/xiaomi/BN49.png,https://shopee.co.id/Baterai-Sumopower-Redmi-7A-BN49-Batre-Double-Power-Original-100--i.1433685724.28487553388
141.0,Xiaomi,Baterai Sumopower Mi 11 Lite BP42,138000,BP42,3.87 V - 4.45 V,4150mAh,Sumopower,4.45 V,Mi 11 Lite,/assets/images/xiaomi/BP42.png,https://shopee.co.id/Baterai-Sumopower-Mi-11-Lite-BP42-Batre-Double-Power-Original-100--i.1433685724.40854473524
142.0,Xiaomi,Baterai Sumopower Mi 5S Plus BM37,117000,BM37,3.85 V - 4.40 V,3700mAh,Sumopower,4.40 V,Mi 5S Plus,/assets/images/xiaomi/BM37.png,https://shopee.co.id/Baterai-Sumopower-Mi-5S-Plus-BM37-Batre-Double-Power-Original-100--i.1433685724.42404382889
143.0,Xiaomi,Baterai Sumopower Redmi 10C BN5G,120000,BN5G,3.87 V - 4.45 V,4900mAh,Sumopower,4.45 V,Redmi 10C,/assets/images/xiaomi/BN5G.png,https://shopee.co.id/Baterai-Sumopower-Redmi-10C-BN5G-Batre-Double-Power-Original-100--i.1433685724.43604487172
144.0,Xiaomi,Baterai Sumopower Redmi 10 prime BN63,132000,BN63,3.87 V - 4.45 V,5880 mAh,Sumopower,4.45 V,Redmi 10 prime,/assets/images/xiaomi/BN63.png,https://shopee.co.id/Baterai-Sumopower-Redmi-10-prime-BN63-batre-Double-Power-Original-100--i.1433685724.42204477805
145.0,Xiaomi,Baterai Sumopower Mi 4i BM33,97500,BM33,3.84 V - 4.40 V,3030mAh,Sumopower,4.40 V,Mi 4i,/assets/images/xiaomi/BM33.png,https://shopee.co.id/Baterai-Sumopower-Mi-4i-BM33-Batre-double-Power-Original-100--i.1433685724.43904372528
146.0,Xiaomi,Baterai Sumopower Redmi 9A / Redmi 9C / Redmi 10A / Poco C3 / Poco M2 Pro BN56,132000,BN56,3.85 V - 4.40 V,4900mAh,Sumopower,4.40 V,Redmi 9A / Redmi 9C / Redmi 10A / Poco C3 / Poco M2 Pro,/assets/images/xiaomi/BN56.png,https://shopee.co.id/Baterai-Sumopower-Redmi-9A-Redmi-9C-Redmi-10A-Poco-C3-Poco-M2-Pro-BN56-Batre-Double-Power-Original-100--i.1433685724.41854426031
147.0,Xiaomi,Baterai Sumopower Mi Max BM49,127500,BM49,3.85 V - 4.40 V,4760mAh,Sumopower,4.40 V,Mi Max,/assets/images/xiaomi/BM49.png,https://shopee.co.id/Baterai-Sumopower-Mi-Max-BM49-Batre-Double-Power-Original-100--i.1433685724.43404384359
148.0,Xiaomi,Baterai Sumopower Redmi K20 / Mi 9T BP41,112500,BP41,3.85 V - 4.40 V,3900mAh,Sumopower,4.40 V,Redmi K20 / Mi 9T,/assets/images/xiaomi/BP41.png,https://shopee.co.id/Baterai-Sumopower-Redmi-K20-Mi-9T-BP41-Batre-Double-Power-Original-100--i.1433685724.40004503228
149.0,Xiaomi,Baterai Sumopower Mi 6X / Mi A2 BN36,93000,BN36,3.85 V - 4.40 V,2910 mAh,Sumopower,4.40 V,Mi 6X / Mi A2,/assets/images/xiaomi/BN36.png,https://shopee.co.id/Baterai-Sumopower-Mi-6X-Mi-A2-BN36-Batre-Double-Power-Original-100--i.1433685724.40504397790
150.0,Xiaomi,Baterai Sumopower Redmi Note 10 4G BN50,127500,BN50,3.85 V - 4.40 V,4890mAh,Sumopower,4.40 V,Redmi Note 10 4G,/assets/images/xiaomi/BN50.png,https://shopee.co.id/Sumopower-Baterai-Redmi-Note-10-4G-5000mAh-100--i.1433685724.42604410550
151.0,Xiaomi,Baterai Sumopower Mi Note Pro BM34,90000,BM34,3.84 V - 4.40 V,3010mAh,Sumopower,4.40 V,Mi Note Pro,/assets/images/xiaomi/BM34.png,https://shopee.co.id/Baterai-Sumopower-Mi-Note-Pro-BM34-Batre-Double-Power-Original-100--i.1433685724.40254387530
152.0,Xiaomi,Baterai Sumopower REDMI NOTE 2 BM45,93000,BM45,3.84 V - 4.4 V,3020 mAh,Sumopower,4.4 V,REDMI NOTE 2,/assets/images/xiaomi/BM45.png,https://shopee.co.id/Baterai-Sumopower-REDMI-NOTE-2-BM45-Batre-Double-Power-Original-100--i.1433685724.41854383807
153.0,Xiaomi,Baterai Sumopower Redmi 9T / Poco M3 BN62,135000,BN62,3.87 V - 4.45 V,5900 mAh,Sumopower,4.45 V,Redmi 9T / Poco M3,/assets/images/xiaomi/BN62.png,https://shopee.co.id/Baterai-Sumopower-Redmi-9T-Poco-M3-BN62-Batre-Double-Power-Original-100--i.1433685724.41154477774
154.0,Xiaomi,Baterai Sumopower Mi Note 5 / Redmi Note Bambu / Mi Note Bamboo BM21,97500,BM21,3.84 V - 4.40 V,2900mAh,Sumopower,4.40 V,Mi Note 5 / Redmi Note Bambu / Mi Note Bamboo,/assets/images/xiaomi/BM21.png,https://shopee.co.id/Baterai-Sumopower-Mi-Note-5-Redmi-Note-Bambu-Mi-Note-Bamboo-BM21-Double-Power-Original-100--i.1433685724.40704386612
155.0,Xiaomi,Baterai Sumopower Redmi 5 Plus BN44,108000,BN44,3.85 V - 4.40 V,3900mAh,Sumopower,4.40 V,Redmi 5 Plus,/assets/images/xiaomi/BN44.png,https://shopee.co.id/Baterai-Sumopower-Redmi-5-Plus-BN44-Batre-Double-Power-Original-100--i.1433685724.40704403907
156.0,Xiaomi,Baterai Sumopower Mi Max 2 BM50,135000,BM50,3.85 V - 4.40 V,5200mAh,Sumopower,4.40 V,Mi Max 2,/assets/images/xiaomi/BM50.png,https://shopee.co.id/Baterai-Sumopower-Mi-Max-2-BM50-Batre-Double-Power-Original-100--i.1433685724.43854410626
157.0,Xiaomi,Baterai Sumopower Redmi 8 / Redmi 8A / Redmi 8A Pro BN51,129000,BN51,3.85 V - 4.40 V,4900mAh,Sumopower,4.40 V,Redmi 8 / Redmi 8A / Redmi 8A Pro,/assets/images/xiaomi/BN51.png,https://shopee.co.id/Baterai-Sumopower-Redmi-8-Redmi-8A-Redmi-8A-Pro-BN51-Batre-Double-Power-Original-100--i.1433685724.43304425446
158.0,Xiaomi,Baterai Sumopower Redmi 4 BN42,97500,BN42,3.85 V - 4.40 V,4000mAh,Sumopower,4.40 V,Redmi 4,/assets/images/xiaomi/BN42.png,https://shopee.co.id/Baterai-Sumopower-Redmi-4-BN42-Batre-Double-Power-Original-100--i.1433685724.42254403663
159.0,Xiaomi,Baterai Sumopower Redmi 5 BN35,93000,BN35,3.85 V - 4.40 V,3200mAh,Sumopower,4.40 V,Redmi 5,/assets/images/xiaomi/BN35.png,https://shopee.co.id/Baterai-Sumopower-Redmi-5-BN35-Batre-Double-Power-Original-100--i.1433685724.44154392616
160.0,Xiaomi,Baterai Sumopower Redmi 6 Pro / Mi A2 Lite BN47,105000,BN47,3.85 V - 4.40 V,3900mAh,Sumopower,4.40 V,Redmi 6 Pro / Mi A2 Lite,/assets/images/xiaomi/BN47.png,https://shopee.co.id/Baterai-Sumopower-Redmi-6-Pro-Mi-A2-Lite-BN47-Batre-Double-Power-Original-100--i.1433685724.28437558268
161.0,Xiaomi,Baterai Sumopower Redmi Note 6 / Redmi Note 6 Pro BN48,105000,BN48,3.85 V - 4.40 V,3900mAh,Sumopower,4.40 V,Redmi Note 6 / Redmi Note 6 Pro,/assets/images/xiaomi/BN48.png,https://shopee.co.id/Baterai-Sumopower-Redmi-Note-6-Redmi-Note-6-Pro-BN48-Batre-Double-Power-Original-100--i.1433685724.42254399939
162.0,Xiaomi,Baterai Sumopower Redmi 4A BN30,87000,BN30,3.84 V - 4.40 V,3030mAh,Sumopower,4.40 V,Redmi 4A,/assets/images/xiaomi/BN30.png,https://shopee.co.id/Baterai-Sumopower-Redmi-4A-BN30-Batre-double-Power-Original-100--i.1433685724.42004401739
163.0,Xiaomi,Baterai Sumopower Redmi 5A BN34,90000,BN34,3.85 V - 4.40 V,2910mAh,Sumopower,4.40 V,Redmi 5A,/assets/images/xiaomi/BN34.png,https://shopee.co.id/Baterai-Sumopower-Redmi-5A-BN34-Double-Power-Original-100--i.1433685724.25895539526
164.0,Xiaomi,Baterai Sumopower Redmi 4 Pro / Redmi 4 Prime BN40,108000,BN40,3.85 V - 4.40 V,4000 mAh,Sumopower,4.40 V,Redmi 4 Pro / Redmi 4 Prime,/assets/images/xiaomi/BN40.png,https://shopee.co.id/Baterai-Sumopower-Redmi-4-Pro-Redmi-4-Prime-BN40-Batre-Double-Power-Original-100--i.1433685724.40104398337
165.0,Xiaomi,Baterai Sumopower Redmi K20 Pro / MI 9T Pro BP40,130500,BP40,3.85 V - 4.40 V,3900mAh,Sumopower,4.40 V,Redmi K20 Pro / MI 9T Pro,/assets/images/xiaomi/BP40.png,https://shopee.co.id/Baterai-Sumopower-Redmi-K20-Pro-MI-9T-Pro-BP40-Batre-Double-Power-Original-100--i.1433685724.42254478036
166.0,Xiaomi,Baterai Sumopower Redmi Note 3 / Redmi Note 3 Pro BM46,117000,BM46,3.85 V - 4.40 V,4000 mAh,Sumopower,4.40 V,Redmi Note 3 / Redmi Note 3 Pro,/assets/images/xiaomi/BM46.png,https://shopee.co.id/Baterai-Sumopower-Redmi-Note-3-Redmi-Note-3-Pro-BM46-Batre-Double-Power-Original-100--i.1433685724.41204373968
167.0,Xiaomi,Baterai Sumopower Redmi 6A / Redmi 6 BN37,93000,BN37,3.85 V - 4.40 V,2900mAh,Sumopower,4.40 V,Redmi 6A / Redmi 6,/assets/images/xiaomi/BN37.png,https://shopee.co.id/Baterai-Sumopower-Redmi-6A-Redmi-6-BN37-Batre-Double-Power-Original-100--i.1433685724.41004398100
168.0,Xiaomi,Baterai Sumopower Redmi Note 9 / Redmi 9 BN54,132000,BN54,3.87 V - 4.45 V,4920mAh,Sumopower,4.45 V,Redmi Note 9 / Redmi 9,/assets/images/xiaomi/BN54.png,https://shopee.co.id/Baterai-Sumopower-Redmi-Note-9-Redmi-9-BN54-Batre-Double-Power-Original-100--i.1433685724.43154416336
169.0,Xiaomi,Baterai Sumopower Redmi Note 5 / Redmi Note 5 Pro BN45,112500,BN45,3.85 V - 4.40 V,3900mAh,Sumopower,4.40 V,Redmi Note 5 / Redmi Note 5,/assets/images/xiaomi/BN45.png,https://shopee.co.id/Sumopower-Redmi-Note-5-Battery-4000mAh-100--i.1433685724.29637553161
170.0,Xiaomi,Baterai Sumopower Redmi Note 8 Pro BM4J,120000,BM4J,3.85 V - 4.40 V,4400mAh,Sumopower,4.40 V,Redmi Note 8 Pro,/assets/images/xiaomi/BM4J.png,https://shopee.co.id/Sumopower-Redmi-Note-8-Pro-Battery-4500mAh-i.1433685724.41204395176
171.0,Xiaomi,Baterai Sumopower Poco X3 GT / Redmi Note 10 Pro 5G BM57,192000,BM57,3.87 V - 4.45 V,4800mAh,Sumopower,4.45 V,Poco X3 GT / Redmi Note 10 Pro 5G,/assets/images/xiaomi/BM57.png,https://shopee.co.id/Baterai-Sumopower-Poco-X3-GT-Redmi-Note-10-Pro-5G-BM57-batre-Double-Power-Original-100--i.1433685724.42804401509
172.0,Xiaomi,Baterai Sumopower Poco F3 / F3 Pro / Redmi K40 / K40 Pro BM4Y,135000,BM4Y,3.87 V - 4.45 V,4420mAh,Sumopower,4.45 V,Poco F3 / F3 Pro / Redmi K40 / K40 Pro,/assets/images/xiaomi/BM4Y.png,https://shopee.co.id/Baterai-Sumopower-Poco-F3-F3-Pro-Redmi-K40-K40-Pro-BM4Y-Batre-Double-Power-Original-100--i.1433685724.41454401016
173.0,Xiaomi,Baterai Sumopower Redmi 7 / Redmi Note 8 BN46,112500,BN46,3.85 V - 4.40 V,3900mAh,Sumopower,4.40 V,Redmi 7 / Redmi Note 8,/assets/images/xiaomi/BN46.png,https://shopee.co.id/Baterai-Sumopower-Redmi-7-Redmi-Note-8-BN46-Batre-Double-Power-Original-100--i.1433685724.43754399628
174.0,Xiaomi,Baterai Sumopower Poco M4 Pro / Redmi Note 11 4G / Redmi Note 11s BN5D,138000,BN5D,3.87 V - 4.45 V,4900mAh,Sumopower,4.45 V,Poco M4 Pro / Redmi Note 11 4G / Redmi Note 11s,/assets/images/xiaomi/BN5D.png,https://shopee.co.id/Baterai-Sumopower-Poco-M4-Pro-Redmi-Note-11-4G-Redmi-Note-11s-BN5D-Batre-Double-Power-Original-100--i.1433685724.26737568323
175.0,Xiaomi,Baterai Sumopower Redmi Note 9 Pro / Note 10 Pro 4G BN53,153000,BN53,3.87 V - 4.45 V,4920mAh,Sumopower,4.45 V,Redmi Note 9 Pro / Note 10 Pro 4G,/assets/images/xiaomi/BN53.png,https://shopee.co.id/Baterai-Sumopower-Redmi-Note-9-Pro-Note-10-Pro-4G-BN53-Batre-Double-Power-Original-100--i.1433685724.42904416173
176.0,Xiaomi,Baterai Sumopower Redmi Note 10 4G / Redmi Note 10s / Poco M5s BN59,138000,BN59,3.87 V - 4.45 V,4900mAh,Sumopower,4.45 V,Redmi Note 10 4G / Redmi Note 10s / Poco M5s,/assets/images/xiaomi/BN59.png,https://shopee.co.id/Baterai-Sumopower-Redmi-Note-10-4G-Redmi-Note-10s-Poco-M5s-BN59-batre-Double-Power-Original-100--i.1433685724.29987582986
177.0,Xiaomi,Baterai Sumopower Redmi Note 7 / Redmi Note 7 Pro BN4A,112500,BN4A,3.85 V - 4.40 V,3900mAh,Sumopower,4.40 V,Redmi Note 7 / Redmi Note 7 Pro,/assets/images/xiaomi/BN4A.png,https://shopee.co.id/Baterai-Sumopower-Redmi-Note-7-Redmi-Note-7-Pro-BN4A-Batre-Double-Power-Original-100--i.1433685724.43804415138
178.0,Xiaomi,Baterai Sumopower Redmi 3 / Redmi 3S / Redmi 3X / Redmi 4X / Redmi 3 Pro BM47,117000,BM47,3.85 V - 4.40 V,4000 mAh,Sumopower,4.40 V,Redmi 3/Redmi 3S/Redmi 3X/Redmi 4X/Redmi 3 Pro,/assets/images/xiaomi/BM47.png,https://shopee.co.id/Baterai-Sumopower-Redmi-3-Redmi-3S-Redmi-3X-Redmi-4X-Redmi-3-Pro-BM47-Batre-Double-Power-Original-100--i.1433685724.43104374285
179.0,Xiaomi,Baterai Sumopower Redmi Note 4 Mediatek / Note 4x Mediatek BN41,108000,BN41,3.85 V - 4.40 V,4000 mAh,Sumopower,4.40 V,Redmi Note 4 Mediatek / Note 4x Mediatek,/assets/images/xiaomi/BN41.png,https://shopee.co.id/Baterai-Sumopower-Redmi-Note-4-Mediatek-Note-4x-Mediatek-BN41-Batre-Double-Power-Original-100--i.1433685724.43004393473
180.0,Xiaomi,Baterai Sumopower Redmi 10 4G 2022 / Redmi Note 10 5G / Poco M3 Pro 5G BN5A,132000,BN5A,3.87 V - 4.45 V,4900mAh,Sumopower,4.45 V,Redmi 10 4G 2022 / Redmi Note 10 5G / Poco M3 Pro 5G,/assets/images/xiaomi/BN5A.png,https://shopee.co.id/Baterai-Sumopower-Redmi-10-4G-2022-Redmi-Note-10-5G-Poco-M3-Pro-5G-BN5A-Batre-Double-Power-Original-100--i.1433685724.44254482320
181.0,Xiaomi,Baterai Sumopower Redmi Note 4 Snapdragon / Note 4x Snapdragon BN43,108000,BN43,3.85 V - 4.40 V,4000 mAh,Sumopower,4.40 V,Redmi Note 4 Snapdragon / Note 4x Snapdragon,/assets/images/xiaomi/BN43.png,https://shopee.co.id/Baterai-Sumopower-Redmi-Note-4-Snapdragon-Note-4x-Snapdragon-BN43-Batre-Double-Power-Original-100--i.1433685724.40504408569
182.0,iPhone,Baterai Sumopower iPhone 15 Pro Max,348000,iph 15 pro max,,4700 mAh,Sumopower,,iph 15 pro max,/assets/images/iphone/15 promax.png,https://shopee.co.id/Sumopower-Iph-15-Pro-Max-Battery-4700mAh-100--i.1433685724.25295543527
183.0,iPhone,Baterai Sumopower iPhone 14 Pro Max,301500,iph 14 pro max,,4700 mAh,Sumopower,,iph 14 pro max,/assets/images/iphone/14 pro max.png,https://shopee.co.id/Baterai-Sumopower-Iph-14-pro-max-Batre-Double-Power-Originial-100--i.1433685724.43654137291
184.0,iPhone,Baterai Sumopower iPhone X,192000,iph X,3.81 V,3100 mAh,Sumopower,,iph X,/assets/images/iphone/ip x.png,https://shopee.co.id/Baterai-Sumopower-Iph-X-Batre-Double-Power-Original-100--i.1433685724.28437490805
185.0,iPhone,Baterai Sumopower iPhone 8,132000,iph 8G,3.82 V,2250 mAh,Sumopower,,iph 8G,/assets/images/iphone/ip 8.png,https://shopee.co.id/Baterai-Sumopower-Iph-8G-Batre-Double-Power-Original-100--i.1433685724.28487495746
186.0,iPhone,Baterai Sumopower iPhone 6s,97500,iph 6s,,2250 mAh,Sumopower,,iph 6s,/assets/images/iphone/ip 6s.png,https://shopee.co.id/Baterai-Sumopower-Iph-6s-Batre-Double-Power-Original-100--i.1433685724.28237485617
187.0,iPhone,Baterai Sumopower iPhone 5s,97500,iph 5s,,1560 mAh,Sumopower,,iph 5s,/assets/images/iphone/ip 5s.png,https://shopee.co.id/Baterai-Sumopower-Iph-5s-Batre-Double-Power-Original-100--i.1433685724.28887490460
188.0,iPhone,Baterai Sumopower iPhone 7 Plus,127500,iph 7G Plus,3.82 V,3450 mAh,Sumopower,,iph 7G plus,/assets/images/iphone/ip 7g plus.png,https://shopee.co.id/Baterai-Sumopower-Iph-7G-plus-Batre-Double-Power-Original-100--i.1433685724.40454144659
189.0,iPhone,Baterai Sumopower iPhone 6,97500,iph 6G,3.82 V,2250 mAh,Sumopower,,iph 6G,/assets/images/iphone/ip 6.png,https://shopee.co.id/Baterai-Sumopower-Iph-6G-Batre-Double-Power-Original-100--i.1433685724.40954148791
190.0,iPhone,Baterai Sumopower iPhone 8 Plus,135000,iph 8G plus,3.82 V,3450 mAh,Sumopower,,iph 8G plus,/assets/images/iphone/ip 8 plus.png,https://shopee.co.id/Baterai-Sumopower-Iph-8G-plus-Batre-Double-Power-Original-100--i.1433685724.40804139804
191.0,iPhone,Baterai Sumopower iPhone 7,120000,iph 7G,,2250 mAh,Sumopower,,iph 7G,/assets/images/iphone/ip 7g.png,https://shopee.co.id/Baterai-Sumopower-Iph-7G-Batre-Double-Power-Original-100--i.1433685724.42304134556
192.0,iPhone,Baterai Sumopower iPhone 15,270000,iph 15,,3500 mAh,Sumopower,,iph 15,/assets/images/iphone/ip 15.png,https://shopee.co.id/Baterai-Sumopower-Iph-15-Batre-Double-Power-Original-100--i.1433685724.40254132428
193.0,iPhone,Baterai Sumopower iPhone 12 / 12 Pro,210000,Iph 12,3.83 VOLT,3300mAh,Sumopower,,Iph 12,/assets/images/iphone/12_12pro.png,https://shopee.co.id/Baterai-Sumopower-Iph-12-12-Pro-Batre-Double-Power-Original-100--i.1433685724.26637005092
194.0,iPhone,Baterai Sumopower iPhone XR,207000,iph XR,3.79 VOLT,3500 mAh,Sumopower,,iph XR,/assets/images/iphone/ip xr.png,https://shopee.co.id/Baterai-Sumopower-Iph-XR-Batre-Double-Power-Original-100--i.1433685724.42054150228
195.0,iPhone,Baterai Sumopower iPhone 6 Plus,132000,iph 6G plus,3.82 V,3600 mAh,Sumopower,,iph 6G plus,/assets/images/iphone/ip 6g plus.png,https://shopee.co.id/Baterai-Sumopower-Iph-6G-plus-Batre-Double-Power-Original-100--i.1433685724.42404148761
196.0,iPhone,Baterai Sumopower iPhone 6s Plus,102000,iph 6s plus,3.80 V,3600 mAh,Sumopower,,iph 6s plus,/assets/images/iphone/ip 6s plus.png,https://shopee.co.id/Baterai-Sumopower-Iph-6s-plus-Batre-Double-Power-Original-100--i.1433685724.43354139259
197.0,iPhone,Baterai Sumopower iPhone 15 Plus,301500,iph 15 plus,,4550 mAh,Sumopower,,iph 15 plus,/assets/images/iphone/15 plus.png,https://shopee.co.id/Baterai-Sumopower-Iph-15-plus-Batre-Double-Power-Original-100--i.1433685724.25445528504
198.0,iPhone,Baterai Sumopower iPhone 14 Plus,221250,iph 14 plus,,4550 mAh,Sumopower,,iph 14 plus,/assets/images/iphone/ip 14.png,https://shopee.co.id/Baterai-Sumopower-Iph-14-plus-Batre-Double-Power-Original-100--i.1433685724.41704141591
199.0,iPhone,Baterai Sumopower iPhone 15 Pro,322500,iph 15 pro,,3400 mAh,Sumopower,,iph 15 pro,/assets/images/iphone/15 pro.png,https://shopee.co.id/Baterai-Sumopower-Iph-15-pro-Batre-Double-Power-Original-100--i.1433685724.25895523599
200.0,iPhone,Baterai Sumopower iPhone 11 Pro Max,243750,Ip 11 Pro Max,3.79 VOLT,4500 mAh,Sumopower,,IP 11 PRO MAX,/assets/images/iphone/11 promax.png,https://shopee.co.id/Baterai-Sumopower-Iph-11-Pro-Max-Batre-Double-Power-Original-100--i.1433685724.28987004927
201.0,iPhone,Baterai Sumopower iPhone 13,213750,Iph 13,,3600mAh,Sumopower,,Iph 13,/assets/images/iphone/ip 13.png,https://shopee.co.id/Baterai-Sumopower-Iph-13-Batre-Batrai-Double-Power-Original-100--i.1433685724.41852657927
202.0,iPhone,Baterai Sumopower iPhone 13 Pro Max,303750,Iph 13 Pro max,,4700mAh,Sumopower,,Iph 13 Pro max,/assets/images/iphone/13 promax.png,https://shopee.co.id/Baterai-Sumopower-Iph-13-pro-max-Batre-Batrai-Double-Power-Original-100--i.1433685724.40352677810
203.0,iPhone,Baterai Sumopower iPhone 11 Pro,240000,Iph 11 Pro,3.83 VOLT,3400 mAh,Sumopower,,IP 11 PRO,/assets/images/iphone/ip 11 pro.png,https://shopee.co.id/Baterai-Sumopower-Iph-11-Pro-Batre-Batrai-Baterai-Double-Power-Original-100--i.1433685724.41452447909
204.0,iPhone,Baterai Sumopower iPhone 13 Pro,255000,Iph 13 Pro,,3400mAh,Sumopower,,Iph 13 Pro,/assets/images/iphone/13 pro.png,https://shopee.co.id/Baterai-Sumopower-Iph-13-Pro-Batre-Batrai-Double-Power-Original-100--i.1433685724.41152671844
205.0,iPhone,Baterai Sumopower iPhone XS,207000,iph XS,3.81 VOLT,3000 mAh,Sumopower,,iph XS,/assets/images/iphone/xs.png,https://shopee.co.id/Baterai-Sumopower-Iph-XS-Double-Power-Original-100--i.1433685724.43604165375
206.0,iPhone,Baterai Sumopower iPhone 12 Pro Max,262500,Ip 12 Pro Max,3.83,4200mAh,Sumopower,,Ip 12 Pro Max,/assets/images/iphone/12 pro max.png,https://shopee.co.id/Baterai-Sumopower-Iph-12-Pro-Max-Batre-Double-Power-Original-100--i.1433685724.41402639599
207.0,iPhone,Baterai Sumopower iPhone 14,211500,iph 14,,3500 mAh,Sumopower,,iph 14,/assets/images/iphone/ip 14.png,https://shopee.co.id/Baterai-Sumopower-Iph-14-Batre-Double-Power-Original-100--i.1433685724.44404131475
208.0,iPhone,Baterai Sumopower iPhone 11,214500,iph 11,3.83 VOLT,3500 mAh,Sumopower,,ip11,/assets/images/iphone/ip 11.png,https://shopee.co.id/Baterai-Sumopower-Iph-11-Batre-Batrai-Baterai-Double-Power-Original-100--i.1433685724.42802433090
209.0,iPhone,Baterai Sumopower iPhone XS Max,213000,iph XS MAX,3.80 VOLT,3600 mAh,Sumopower,,iph XS MAX,/assets/images/iphone/ip xsmax.png,https://shopee.co.id/Baterai-Sumopower-Iph-XS-MAX-Batre-Double-Power-Original-100--i.1433685724.41154150716
210.0,iPhone,Baterai Sumopower iPhone 14 Pro,285000,iph 14 pro,,3400 mAh,Sumopower,,iph 14 pro,/assets/images/iphone/14 pro.png,https://shopee.co.id/Baterai-Sumopower-Iph-14-pro-Batre-Double-Power-Original-100--i.1433685724.40604137187
211.0,Asus,Baterai Sumopower ASUS Zenfone Max Pro M1 / Max Pro M2,127500,C11P1706,3.85 V - 4.4 V,5850mAh,Sumopower,4.4 V,Zenfone Max Pro M1 ZB601KL ZB602KL / Max Pro M2 ZB631KL,/assets/images/asus/asus.png,https://shopee.co.id/Baterai-Sumopower-Zenfone-Max-Pro-M1-ZB601KL-ZB602KL-Max-Pro-M2-ZB631KL-C11P1706-Batre-Double-Power-Original-100--i.1433685724.29587578374
212.0,Nokia,Baterai Sumopower Nokia 105 / 106 / 107 / 150 / 1100 / 3100 / 7610 BL-5C,30000,BL-5C,3.7 V - 3.8 V,1020 mAh,Sumopower,3.8 V,Nokia 105 / 106 / 107 / 150 / 1100 / 3100 / 7610,/assets/images/nokia/BL5C.png,https://shopee.co.id/Sumopower-BL-5C-Battery-For-Nokia-105-150-1100-3100-7610-100-Original-i.1433685724.43355138737
213.0,Nokia,Baterai Sumopower Nokia 1202 / 2650 / 5100 / 6100 / 6300 / 7200 / 7270 BL-4C,30000,BL-4C,3.7 V - 3.2 V,890 mAh,Sumopower,3.2 V,Nokia 1202 / 2650 / 5100 / 6100 / 6300 / 7200 / 7270,/assets/images/nokia/BL4C.png,https://shopee.co.id/Sumopower-BL-4C-Battery-For-Nokia-1202-2650-5100-6100-6300-7200-7270-i.1433685724.40455138688
,Samsung,Samsung J7 / J4 2018 / J7 CORE,108000,Samsung J7 / J4 2018 / J7 CORE,3.85 V - 4.4 V,3000 mAh,Sumopower,4.4 V,Samsung J7 / J4 2018 / J7 CORE,,https://shopee.co.id/SumoPower-Battery-Baterai-Batre-Samsung-J7-J4-2018-J7-CORE-i.1433685724.43104518772?extraParams=%7B%22display_model_id%22%3A285383599718%2C%22model_selection_logic%22%3A3%7D
,Samsung,Samsung S8 / S8 Flat G950 EB-BG950ABE,112500,EB-BG950ABE,3.85 V - 4.4 V,3000 mAh,Sumopower,4.4 V,Samsung S8 / S8 Flat G950,,https://shopee.co.id/SumoPower-Battery-Baterai-Batre-Samsung-S8-S8-Flat-G950-EB-BG950ABE-i.1433685724.44204351598?extraParams=%7B%22display_model_id%22%3A295369255452%2C%22model_selection_logic%22%3A3%7D
,Samsung,Samsung J8 Plus J805 / A6 Plus EB-BJ805ABE,117000,EB-BJ805ABE,3.85 V - 4.4 V,3500 mAh,Sumopower,4.4 V,Samsung J8 Plus J805 / A6 Plus,,https://shopee.co.id/SumoPower-Battery-Baterai-Batre-Samsung-J8-Plus-J805-A6-Plus-EB-BJ805ABE-i.1433685724.41304501049?extraParams=%7B%22display_model_id%22%3A305380592220%2C%22model_selection_logic%22%3A3%7D
,Samsung,Samsung J7 / J4 2018 / J7 CORE,108000,Samsung J7 / J4 2018 / J7 CORE,3.85 V - 4.4 V,3000 mAh,Sumopower,4.4 V,Samsung J7 / J4 2018 / J7 CORE,,https://shopee.co.id/SumoPower-Battery-Baterai-Batre-Samsung-J7-J4-2018-J7-CORE-i.1433685724.43104518772?extraParams=%7B%22display_model_id%22%3A285383599718%2C%22model_selection_logic%22%3A3%7D
,Samsung,Samsung J7 / J4 2018 / J7 CORE,108000,Samsung J7 / J4 2018 / J7 CORE,3.85 V - 4.4 V,3000 mAh,Sumopower,4.4 V,Samsung J7 / J4 2018 / J7 CORE,,https://shopee.co.id/SumoPower-Battery-Baterai-Batre-Samsung-J7-J4-2018-J7-CORE-i.1433685724.43104518772?extraParams=%7B%22display_model_id%22%3A285383599718%2C%22model_selection_logic%22%3A3%7D
,Samsung,Samsung A8 Plus 2018 EB-BA730ABE,112500,EB-BA730ABE,3.85 V - 4.4 V,3500 mAh,Sumopower,4.4 V,Samsung A8 Plus 2018,,https://shopee.co.id/SumoPower-Battery-Baterai-Batre-Samsung-A8-Plus-2018-EB-BA730ABE-i.1433685724.41454363810?extraParams=%7B%22display_model_id%22%3A300369748536%2C%22model_selection_logic%22%3A3%7D
,Samsung,Samsung Galaxy A71 EB-BA715ABY,112500,EB-BA715ABY,3.86 V - 4.40 V,4370mAh,Sumopower,4.40 V,Samsung Galaxy A71,,https://shopee.co.id/SumoPower-Battery-Baterai-Batre-Samsung-Galaxy-A71-EB-BA715ABY-i.1433685724.40704358897?extraParams=%7B%22display_model_id%22%3A305369910342%2C%22model_selection_logic%22%3A3%7D
,Samsung,Samsung A33 5G / A53 5G EB-BA336ABY,120000,EB-BA336ABY,3.88 V - 4.47 V,4860mAh,Sumopower,4.47 V,Samsung A33 5G / A53 5G,,https://shopee.co.id/SumoPower-Battery-Baterai-Batre-Samsung-A33-5G-A53-5G-EB-BA336ABY-i.1433685724.40154505714?extraParams=%7B%22display_model_id%22%3A275380526659%2C%22model_selection_logic%22%3A3%7D
,Samsung,Samsung A52 4G EB-BG781ABY,124500,EB-BG781ABY,3.86 V - 4.43 V,4370mAh,Sumopower,4.43 V,Samsung A52 4G,,https://shopee.co.id/SumoPower-Battery-Baterai-Batre-Samsung-A52-4G-EB-BG781ABY-i.1433685724.44204364651?extraParams=%7B%22display_model_id%22%3A290370038829%2C%22model_selection_logic%22%3A3%7D
,Samsung,Samsung S6 Edge G9250 EB-BG925ABE,97500,EB-BG925ABE,3.85 V - 4.4 V,2600 mAh,Sumopower,4.4 V,Samsung S6 Edge G9250,,https://shopee.co.id/SumoPower-Battery-Baterai-Batre-Samsung-S6-Edge-G9250-EB-BG925ABE-i.1433685724.40154366475?extraParams=%7B%22display_model_id%22%3A295369151116%2C%22model_selection_logic%22%3A3%7D
,Samsung,Samsung Galaxy J7 2016 J710 BJ710CBE,85500,BJ710CBE,3.85 V - 4.4 V,3300 mAh,Sumopower,4.4 V,Samsung Galaxy J7 2016 J710,,https://shopee.co.id/SumoPower-Battery-Baterai-Batre-Samsung-Galaxy-J7-2016-J710-BJ710CBE-i.1433685724.42154354556?extraParams=%7B%22display_model_id%22%3A300369971530%2C%22model_selection_logic%22%3A3%7D
,Samsung,Samsung Galaxy J7 2016 J710 BJ710CBE,85500,BJ710CBE,3.85 V - 4.4 V,3300 mAh,Sumopower,4.4 V,Samsung Galaxy J7 2016 J710,,https://shopee.co.id/SumoPower-Battery-Baterai-Batre-Samsung-Galaxy-J7-2016-J710-BJ710CBE-i.1433685724.42154354556?extraParams=%7B%22display_model_id%22%3A300369971530%2C%22model_selection_logic%22%3A3%7D
,Samsung,Samsung A21S / A02 / A04S / A12 / A13 / M02 / M12 EB-BA217ABY,120000,EB-BA217ABY,3.85 V - 4.40 V,4900mAh,Sumopower,4.40 V,Samsung A21S / A02 / A04S / A12 / A13 / M02 / M12,,https://shopee.co.id/SumoPower-Battery-Baterai-Batre-Samsung-A21S-A02-A04S-A12-A13-M02-M12-EB-BA217ABY-i.1433685724.42304484125?extraParams=%7B%22display_model_id%22%3A295379850203%2C%22model_selection_logic%22%3A3%7D
,Samsung,Samsung A70 EB-BA705ABU,117000,EB-BA705ABU,3.85 V - 4.40 V,4400mAh,Sumopower,4.40 V,Samsung A70,,https://shopee.co.id/SumoPower-Battery-Baterai-Batre-Samsung-A70-EB-BA705ABU-i.1433685724.44354496529?extraParams=%7B%22display_model_id%22%3A237876815330%2C%22model_selection_logic%22%3A3%7D
,Samsung,Samsung Grand Prime/J2 Prime/J2 Pro/A2 Core A260/J2 Core/J5/J3 J300/J3 Pro/J320 J3 2016 G530,79500,EB-G530CBE,3.8 V - 4.35 V,2600 mAh,Sumopower,4.35 V,Samsung Grand Prime/J2 Prime/J2 Pro/A2 Core A260/J2 Core/J5/J3 J300/J3 Pro/J320 J3 2016,,https://shopee.co.id/SumoPower-Battery-Baterai-Batre-Samsung-Grand-Prime-J2-Prime-J2-Pro-A2-Core-A260-J2-Core-J5-J3-J300-J3-Pro-J320-J3-2016-G530-i.1433685724.41154370239?extraParams=%7B%22display_model_id%22%3A300370147051%2C%22model_selection_logic%22%3A3%7D
,Samsung,Samsung S6 G920 / S6 Flat EB-BG920ABE,108000,EB-BG920ABE,3.85 V - 4.4 V,2550mAh,Sumopower,4.4 V,Samsung S6 G920 / S6 Flat,,https://shopee.co.id/SumoPower-Battery-Baterai-Batre-Samsung-S6-G920-S6-Flat-EB-BG920ABE-i.1433685724.42554300633?extraParams=%7B%22display_model_id%22%3A275364184502%2C%22model_selection_logic%22%3A3%7D
,Samsung,Samsung S8 Plus G955 EB-BG955ABE,114000,EB-BG955ABE,3.85 V - 4.4 V,3500 mAh,Sumopower,4.4 V,Samsung S8 Plus G955,,https://shopee.co.id/SumoPower-Battery-Baterai-Batre-Samsung-S8-Plus-G955-EB-BG955ABE-i.1433685724.41404351996?extraParams=%7B%22display_model_id%22%3A265369920325%2C%22model_selection_logic%22%3A3%7D
,Samsung,Samsung J3 Pro 2017 J330 EB-BJ330ABE,100500,EB-BJ330ABE,3.85 V - 4.4 V,2400 mAh,Sumopower,4.4 V,Samsung J3 Pro 2017 J330,,https://shopee.co.id/SumoPower-Battery-Baterai-Batre-Samsung-J3-Pro-2017-J330-EB-BJ330ABE-i.1433685724.41454502201?extraParams=%7B%22display_model_id%22%3A258519372062%2C%22model_selection_logic%22%3A3%7D
,Samsung,Samsung J8 Plus J805 / A6 Plus EB-BJ805ABE,117000,EB-BJ805ABE,3.85 V - 4.4 V,3500 mAh,Sumopower,4.4 V,Samsung J8 Plus J805 / A6 Plus,,https://shopee.co.id/SumoPower-Battery-Baterai-Batre-Samsung-J8-Plus-J805-A6-Plus-EB-BJ805ABE-i.1433685724.41304501049?extraParams=%7B%22display_model_id%22%3A305380592220%2C%22model_selection_logic%22%3A3%7D
,Samsung,Samsung S21 Ultra EB-BG998ABY,135000,EB-BG998ABY,3.88 V - 4.45 V,4885mAh,Sumopower,4.45 V,Samsung S21 Ultra,,https://shopee.co.id/SumoPower-Battery-Baterai-Batre-Samsung-S21-Ultra-EB-BG998ABY-i.1433685724.42604367071?extraParams=%7B%22display_model_id%22%3A280369365874%2C%22model_selection_logic%22%3A3%7D
,Samsung,Samsung J3 Pro 2017 J330 EB-BJ330ABE,100500,EB-BJ330ABE,3.85 V - 4.4 V,2400 mAh,Sumopower,4.4 V,Samsung J3 Pro 2017 J330,,https://shopee.co.id/SumoPower-Battery-Baterai-Batre-Samsung-J3-Pro-2017-J330-EB-BJ330ABE-i.1433685724.41454502201?extraParams=%7B%22display_model_id%22%3A258519372062%2C%22model_selection_logic%22%3A3%7D
